entrezgene,ensembl.gene,symbol,uniprot.Swiss-Prot
1394,ENSG00000120088,CRHR1,P34998
1394,ENSG00000276191,CRHR1,P34998
104909134,ENSG00000263715,LINC02210-CRHR1,P34998
104909134,ENSG00000278232,LINC02210-CRHR1,P34998
104909134,ENSG00000282456,LINC02210-CRHR1,P34998
3815,ENSG00000157404,KIT,P10721
3241,ENSG00000115756,HPCAL1,P37235
2782,ENSG00000078369,GNB1,P62873
3689,ENSG00000160255,ITGB2,P05107
2904,ENSG00000273079,GRIN2B,Q13224
5795,ENSG00000149177,PTPRJ,Q12913
2048,ENSG00000133216,EPHB2,P29323
114787,ENSG00000169258,GPRIN1,Q7Z2K8
6452,ENSG00000087266,SH3BP2,P78314
2788,ENSG00000176533,GNG7,O60262
10287,ENSG00000171700,RGS19,P49795
3791,ENSG00000128052,KDR,P35968
961,ENSG00000196776,CD47,Q08722
5159,ENSG00000113721,PDGFRB,P09619
10451,ENSG00000134215,VAV3,Q9UKW4
6001,ENSG00000148908,RGS10,O43665
1903,ENSG00000213694,S1PR3,Q99500
7074,ENSG00000156299,TIAM1,Q13009
5082,ENSG00000136940,PDCL,Q13371
134,ENSG00000163485,ADORA1,P30542
1230,ENSG00000163823,CCR1,P32246
5580,ENSG00000163932,PRKCD,Q05655
2783,ENSG00000172354,GNB2,P62879
8601,ENSG00000147509,RGS20,O76081
4544,ENSG00000134640,MTNR1B,P49286
5335,ENSG00000124181,PLCG1,P19174
1398,ENSG00000167193,CRK,P46108
5782,ENSG00000127947,PTPN12,Q05209
3480,ENSG00000140443,IGF1R,P08069
1439,ENSG00000100368,CSF2RB,P32927
5777,ENSG00000111679,PTPN6,P29350
27040,ENSG00000213658,LAT,O43561
154,ENSG00000169252,ADRB2,P07550
2596,ENSG00000172020,GAP43,P17677
8503,ENSG00000117461,PIK3R3,Q92569
2785,ENSG00000162188,GNG3,P63215
9412,ENSG00000152944,MED21,Q13503
5064,ENSG00000099864,PALM,O75781
2322,ENSG00000122025,FLT3,P36888
284427,ENSG00000181240,SLC25A41,Q8N5S1
414149,ENSG00000176244,ACBD7,Q8N6N7
695,ENSG00000010671,BTK,Q06187
1103,ENSG00000070748,CHAT,P28329
7409,ENSG00000141968,VAV1,P15498
2781,ENSG00000128266,GNAZ,P19086
27293,ENSG00000130768,SMPDL3B,Q92485
2902,ENSG00000176884,GRIN1,Q05586
2773,ENSG00000065135,GNAI3,P08754
2790,ENSG00000242616,GNG10,P50151
219771,ENSG00000108100,CCNY,Q8ND76
1456,ENSG00000151292,CSNK1G3,Q9Y6M4
1436,ENSG00000182578,CSF1R,P07333
5295,ENSG00000145675,PIK3R1,P27986
3702,ENSG00000113263,ITK,Q08881
10636,ENSG00000169220,RGS14,O43566
5788,ENSG00000262418,PTPRC,P08575
5788,ENSG00000081237,PTPRC,P08575
64407,ENSG00000150681,RGS18,Q9NS28
5999,ENSG00000117152,RGS4,P49798
3669,ENSG00000172183,ISG20,Q96AZ6
3717,ENSG00000096968,JAK2,O60674
5296,ENSG00000105647,PIK3R2,O00459
5793,ENSG00000144724,PTPRG,P23470
3690,ENSG00000259207,ITGB3,P05106
2690,ENSG00000112964,GHR,P10912
23167,ENSG00000132294,EFR3A,Q14156
6382,ENSG00000115884,SDC1,P18827
2767,ENSG00000088256,GNA11,P29992
55970,ENSG00000172380,GNG12,Q9UBI6
2885,ENSG00000177885,GRB2,P62993
84948,ENSG00000179886,TIGD5,Q53EQ6
84948,ENSG00000278016,TIGD5,Q53EQ6
56940,ENSG00000112679,DUSP22,Q9NRW4
3667,ENSG00000169047,IRS1,P35568
22979,ENSG00000084710,EFR3B,Q9Y2G0
94235,ENSG00000167414,GNG8,Q9UK08
554,ENSG00000126895,AVPR2,P30518
6002,ENSG00000159788,RGS12,O14924
3265,ENSG00000174775,HRAS,P01112
3265,ENSG00000276536,HRAS,P01112
2057,ENSG00000187266,EPOR,P19235
3643,ENSG00000171105,INSR,P06213
84548,ENSG00000269556,TMEM185A,Q8NFB2
23180,ENSG00000131378,RFTN1,Q14699
5747,ENSG00000169398,PTK2,Q05397
4985,ENSG00000116329,OPRD1,P41143
2775,ENSG00000087258,GNAO1,P09471
5581,ENSG00000171132,PRKCE,Q02156
151195,ENSG00000163249,CCNYL1,Q8N7R7
4067,ENSG00000254087,LYN,P07948
643,ENSG00000160683,CXCR5,P32302
8651,ENSG00000185338,SOCS1,O15524
2064,ENSG00000141736,ERBB2,P04626
7006,ENSG00000135605,TEC,P42680
64131,ENSG00000103489,XYLT1,Q86Y38
64131,ENSG00000285395,XYLT1,Q86Y38
51764,ENSG00000127588,GNG13,Q9P2W3
10544,ENSG00000101000,PROCR,Q9UNN8
57707,ENSG00000140950,MEAK7,Q6P9B6
4688,ENSG00000116701,NCF2,P19878
6915,ENSG00000006638,TBXA2R,P21731
2185,ENSG00000120899,PTK2B,Q14289
1272,ENSG00000018236,CNTN1,Q12860
10399,ENSG00000204628,RACK1,P63244
867,ENSG00000110395,CBL,P22681
54331,ENSG00000186469,GNG2,P59768
6774,ENSG00000168610,STAT3,P40763
84248,ENSG00000122068,FYTTD1,Q96QD9
259249,ENSG00000170255,MRGPRX1,Q96LB2
6004,ENSG00000143333,RGS16,O15492
5921,ENSG00000145715,RASA1,P20936
10681,ENSG00000069966,GNB5,O14775
2864,ENSG00000126266,FFAR1,O14842
156,ENSG00000173020,GRK2,P25098
1816,ENSG00000169676,DRD5,P21918
6654,ENSG00000115904,SOS1,Q07889
613,ENSG00000186716,BCR,P11274
5781,ENSG00000179295,PTPN11,Q06124
375519,ENSG00000164411,GJB7,Q6PEY0
2792,ENSG00000127928,GNGT1,P63211
22920,ENSG00000075945,KIFAP3,Q92845
6237,ENSG00000126458,RRAS,P10301
6850,ENSG00000165025,SYK,P43405
8490,ENSG00000143248,RGS5,O15539
8490,ENSG00000232995,RGS5,O15539
4543,ENSG00000168412,MTNR1A,P48039
81669,ENSG00000221978,CCNL2,Q96S94
6464,ENSG00000160691,SHC1,P29353
4916,ENSG00000140538,NTRK3,Q16288
3716,ENSG00000162434,JAK1,P23458
4690,ENSG00000158092,NCK1,P16333
2768,ENSG00000146535,GNA12,Q03113
29760,ENSG00000095585,BLNK,Q8WV28
3215,ENSG00000120075,HOXB5,P09067
2549,ENSG00000109458,GAB1,Q13480
10672,ENSG00000120063,GNA13,Q14344
5336,ENSG00000197943,PLCG2,P16885
5175,ENSG00000261371,PECAM1,P16284
2771,ENSG00000114353,GNAI2,P04899
2793,ENSG00000167083,GNGT2,O14610
2784,ENSG00000111664,GNB3,P16520
203111,ENSG00000177459,ERICH5,Q6P6B1
338761,ENSG00000186897,C1QL4,Q86Z23
1445,ENSG00000103653,CSK,P41240
7852,ENSG00000121966,CXCR4,P61073
1399,ENSG00000099942,CRKL,P46109
2065,ENSG00000065361,ERBB3,P21860
58157,ENSG00000165553,NGB,Q9NPG2
387882,ENSG00000235162,C12orf75,Q8TAD7
774,ENSG00000148408,CACNA1B,Q00975
29785,ENSG00000167600,CYP2S1,Q96SQ9
3055,ENSG00000101336,HCK,P08631
2534,ENSG00000010810,FYN,P06241
126306,ENSG00000167476,JSRP1,Q96MG2
2786,ENSG00000168243,GNG4,P50150
2786,ENSG00000282972,GNG4,P50150
6000,ENSG00000182901,RGS7,P49802
2321,ENSG00000102755,FLT1,P17948
2903,ENSG00000183454,GRIN2A,Q12879
25,ENSG00000097007,ABL1,P00519
1956,ENSG00000146648,EGFR,P00533
9294,ENSG00000267534,S1PR2,O95136
2911,ENSG00000152822,GRM1,Q13255
2787,ENSG00000174021,GNG5,P63218
1268,ENSG00000118432,CNR1,P21554
1901,ENSG00000170989,S1PR1,P21453
7525,ENSG00000176105,YES1,P07947
6714,ENSG00000197122,SRC,P12931
3635,ENSG00000281614,INPP5D,Q92835
3635,ENSG00000168918,INPP5D,Q92835
2770,ENSG00000127955,GNAI1,P63096
150,ENSG00000150594,ADRA2A,P08913
55188,ENSG00000111785,RIC8B,Q9NVN3
343035,ENSG00000198570,RD3,Q7Z3Z2
7253,ENSG00000165409,TSHR,P16473
1234,ENSG00000160791,CCR5,P51681
50837,ENSG00000121377,TAS2R7,Q9NYW3
50837,ENSG00000273326,TAS2R7,Q9NYW3
50837,ENSG00000274327,TAS2R7,Q9NYW3
5579,ENSG00000166501,PRKCB,P05771
7535,ENSG00000115085,ZAP70,P43403
1969,ENSG00000142627,EPHA2,P29317
3932,ENSG00000182866,LCK,P06239
2778,ENSG00000087460,GNAS,P63092
868,ENSG00000114423,CBLB,Q13191
1796,ENSG00000115325,DOK1,Q99704
125,ENSG00000196616,ADH1B,P00325
2555,ENSG00000151834,GABRA2,P47869
126,ENSG00000248144,ADH1C,P00326
3356,ENSG00000102468,HTR2A,P28223
92181,ENSG00000168246,UBTD2,Q8WUN7
9628,ENSG00000182732,RGS6,P49758
59345,ENSG00000114450,GNB4,Q9HAV0
4924,ENSG00000104805,NUCB1,Q02818
60626,ENSG00000177963,RIC8A,Q9NPQ8
4233,ENSG00000105976,MET,P08581
55824,ENSG00000076641,PAG1,Q9NWQ8
23236,ENSG00000182621,PLCB1,Q9NQ66
9846,ENSG00000033327,GAB2,Q9UQC2
2791,ENSG00000127920,GNG11,P61952
10603,ENSG00000160999,SH2B2,O14492
29899,ENSG00000121957,GPSM2,P81274
5098,ENSG00000240184,PCDHGC3,Q9UN70
27,ENSG00000143322,ABL2,P42684
3937,ENSG00000043462,LCP2,Q13094
1946,ENSG00000184349,EFNA5,P52803
80820,ENSG00000122547,EEPD1,Q7L9B9
1742,ENSG00000132535,DLG4,P78352
4684,ENSG00000149294,NCAM1,P13591
2778,ENSG00000087460,GNAS,O95467
2776,ENSG00000156052,GNAQ,P50148
5578,ENSG00000154229,PRKCA,P17252
